<?xml version="1.0" encoding="UTF-8"?>
<project-private xmlns="http://www.netbeans.org/ns/project-private/1">
    <data xmlns="http://www.netbeans.org/ns/make-project-private/1">
        <activeConfTypeElem>1</activeConfTypeElem>
        <activeConfIndexElem>0</activeConfIndexElem>
    </data>
    <editor-bookmarks xmlns="http://www.netbeans.org/ns/editor-bookmarks/2" lastBookmarkId="0"/>
    <open-files xmlns="http://www.netbeans.org/ns/projectui-open-files/2">
        <group>
            <file>file:/home/sobral/NetBeansProjects/Serialemu/Pts.cpp</file>
            <file>file:/home/sobral/NetBeansProjects/Serialemu/Argparse.cpp</file>
            <file>file:/home/sobral/NetBeansProjects/Serialemu/Canal.cpp</file>
            <file>file:/home/sobral/NetBeansProjects/Serialemu/Canal.h</file>
            <file>file:/home/sobral/NetBeansProjects/Serialemu/Pts.h</file>
            <file>file:/home/sobral/NetBeansProjects/Serialemu/tipos.h</file>
            <file>file:/home/sobral/NetBeansProjects/Serialemu/main.cpp</file>
            <file>file:/home/sobral/NetBeansProjects/Serialemu/Argparse.h</file>
        </group>
    </open-files>
</project-private>
